{"loss": 9.671838760375977, "_timestamp": 1700157484.5860574, "_runtime": 342.7653374671936, "_step": 810}