{"loss": 9.703835487365723, "_timestamp": 1700161459.2269738, "_runtime": 2344.4465956687927, "_step": 5737}