{"loss": 9.701087951660156, "_timestamp": 1700219412.6017754, "_runtime": 110.96145343780518, "_step": 237}