{"loss": 9.650567054748535, "_timestamp": 1700157848.7320628, "_runtime": 321.6835677623749, "_step": 784}